id,happiness
8001,3.791268036310093
8002,2.9051737801009887
8003,3.306812210574013
8004,4.314851176217264
8005,3.268770943124437
8006,4.078406459446854
8007,3.9404257086071492
8008,4.3376343521642635
8009,4.0761060460805085
8010,2.8384291494677187
8011,3.299094615322934
8012,3.913010466435593
8013,4.3327358905025015
8014,3.567396781276378
8015,3.7657113259902864
8016,4.326602790477182
8017,3.6682445074721044
8018,4.091855600230092
8019,4.079333629422732
8020,3.8269139430902652
8021,4.173508874953211
8022,3.774387235563067
8023,4.052913460306085
8024,3.886616376854365
8025,3.311066671217455
8026,4.109726583959434
8027,4.127823613289589
8028,3.841380987689535
8029,4.1235579278877275
8030,4.100897494979891
8031,3.861513005299537
8032,3.8449465796969298
8033,4.152856716045782
8034,3.6517787637308894
8035,3.4099329794357516
8036,4.38702910467279
8037,4.026486822882439
8038,4.000104850050783
8039,3.6934839026265665
8040,4.093074180939411
8041,4.270280660089869
8042,4.028217813781661
8043,3.6977091178580768
8044,4.079443993788332
8045,4.289947730249233
8046,3.9435799422590914
8047,4.068068736080029
8048,4.0737919065010235
8049,3.758692500851841
8050,4.282736455373127
8051,3.7290591002600717
8052,4.063185579051713
8053,3.0611844831549955
8054,3.895904055548483
8055,4.179534056695217
8056,2.865897552888931
8057,3.9122711377968162
8058,3.3767579681260167
8059,3.2512265296479064
8060,4.221227553357551
8061,3.140423802116641
8062,3.583717481798
8063,3.6892907842073335
8064,4.15096654932968
8065,4.1098404263278825
8066,4.272576920847292
8067,4.110183905144386
8068,4.148753078594912
8069,3.5426289950152703
8070,4.050458859390051
8071,3.749771436990734
8072,4.217217952924414
8073,3.6224655127450007
8074,3.7002636543355387
8075,3.2533082832932476
8076,3.7183235707936366
8077,3.4211342072482496
8078,4.054650382912753
8079,4.33881911117995
8080,3.862598055140905
8081,3.9318810797623907
8082,3.7588328461370057
8083,4.206306379528961
8084,4.195932780279802
8085,4.492058148137177
8086,4.030833740892949
8087,3.7564325720631153
8088,4.09727938584098
8089,3.78311831761172
8090,3.777533791833929
8091,4.129322320610662
8092,3.5401341891589215
8093,4.021234390066555
8094,3.969186820703168
8095,4.318363682738944
8096,3.5583799154652356
8097,4.1843056785655754
8098,3.7274352736513334
8099,3.493613590969475
8100,4.013108619443745
8101,4.079599766582894
8102,4.124004267589061
8103,3.426599305359069
8104,4.324116749450192
8105,4.077501012416389
8106,4.089514083176371
8107,4.1227127759224516
8108,4.081512992256563
8109,3.84305593413677
8110,3.7219835953062237
8111,4.14197376264841
8112,3.717682407280196
8113,3.7184270711661673
8114,3.9189732239540938
8115,4.073274539767777
8116,3.891668562964795
8117,3.7260210960448914
8118,3.705616680717369
8119,3.825437121335918
8120,4.172485385358251
8121,3.40633042889703
8122,4.181126432653191
8123,3.910868240954333
8124,3.695133712296136
8125,4.0458899221638145
8126,4.379910465417711
8127,2.660588690786861
8128,3.686593869550573
8129,3.835998154206897
8130,3.9499292727591735
8131,3.7346939329207
8132,4.003278755592037
8133,4.114890168742178
8134,3.973174282831377
8135,3.896814783185212
8136,4.246679486609803
8137,4.078041419474265
8138,3.726379187741555
8139,3.9708701763583063
8140,3.3091436664295126
8141,3.9451498105792346
8142,3.837515530986947
8143,4.230321629969245
8144,3.7471078835082503
8145,4.037232996026171
8146,2.7593072619737087
8147,4.0349333254561435
8148,3.2341840306107272
8149,3.754757434030447
8150,4.026602012335365
8151,2.7336894652668606
8152,4.072086340567868
8153,3.642271669046607
8154,3.574125872029746
8155,3.7486927279251394
8156,3.6340346427729613
8157,3.337235471502387
8158,3.523859357845642
8159,4.099326482666493
8160,4.111685200230673
8161,3.7014458676743933
8162,4.099593696859856
8163,3.842068608823864
8164,3.8511588104726457
8165,4.13093925598295
8166,4.187087031603942
8167,3.859538663391743
8168,3.072028026987733
8169,3.4061894141449915
8170,4.08030953434533
8171,3.901692640375776
8172,4.01717424173699
8173,3.488317951832086
8174,3.9546868790693632
8175,3.6376009244253518
8176,4.162586591428044
8177,2.828492197568948
8178,4.020927262567809
8179,4.277196921851717
8180,3.470876680961243
8181,3.642817417451769
8182,4.052347008901977
8183,3.9123477220166305
8184,3.8014902271070126
8185,3.699109752266486
8186,3.844596910762914
8187,4.111933502121948
8188,3.816735519364156
8189,4.2156146351847825
8190,4.184695093571768
8191,3.8228571336614654
8192,3.804864316151231
8193,4.055388533063746
8194,3.964930338455941
8195,4.413084123636139
8196,3.40274277767477
8197,3.883922108960647
8198,4.093582048169916
8199,4.145804752670013
8200,4.488558033940332
8201,3.5605376996055287
8202,4.209342235429566
8203,3.8572582580866
8204,4.106951711566723
8205,4.096545810391333
8206,4.046945435266665
8207,3.722366741571994
8208,3.9582259792311296
8209,4.038408719400452
8210,3.6317047225428123
8211,3.8917191296227127
8212,4.180555163630735
8213,4.184252022799736
8214,4.194805028680326
8215,3.7444702761306092
8216,3.6987305684209613
8217,3.4960726137378524
8218,3.804363494981722
8219,3.7632167537568026
8220,4.154944902340159
8221,4.398579077939492
8222,3.824282950240704
8223,3.272505675174783
8224,3.8485596562750146
8225,4.109936663601819
8226,3.903527688315731
8227,4.33835998869446
8228,3.475197248052991
8229,4.05236955277208
8230,3.4783506316306654
8231,3.97417128330611
8232,3.80607521076136
8233,3.8235683543137124
8234,3.5882815852196646
8235,3.678698895071962
8236,2.7834069335874725
8237,3.822550609676344
8238,4.038822497620671
8239,3.8639995532855953
8240,3.4351142124797813
8241,3.2502776430363753
8242,3.8474906470846295
8243,4.334154198534407
8244,4.0787008465499355
8245,3.476404162241074
8246,4.023650512745849
8247,3.997537009490945
8248,4.1019220987547405
8249,4.107938812726903
8250,3.992988058266683
8251,4.3090622662308595
8252,4.413162119715375
8253,3.8403799146752764
8254,3.7089862262542237
8255,3.7925993332875843
8256,3.5245184983161386
8257,4.145912074504093
8258,3.1460089176718937
8259,4.120534069033427
8260,4.080270490337863
8261,4.206677993445806
8262,3.5591583806496874
8263,4.038890427604142
8264,3.785658801724973
8265,4.054734383110065
8266,3.285662446262886
8267,3.6689503020925067
8268,3.9882190436136846
8269,3.492368708786819
8270,3.7031157209883614
8271,3.1410826655165316
8272,4.065119858311916
8273,3.856821333551859
8274,3.750359140524221
8275,4.152273025372688
8276,4.125345694533674
8277,3.9664820504904634
8278,3.64953802571914
8279,4.170741996414021
8280,4.190805249344192
8281,4.3248654885139075
8282,4.036435695155088
8283,4.108154826872543
8284,4.1463601482527555
8285,3.903201416570734
8286,2.4866980742568097
8287,4.2948704322705265
8288,4.013444588423021
8289,4.104884451806392
8290,4.256652838608549
8291,3.9635190142444725
8292,4.029646672330819
8293,3.7491144605936553
8294,4.2821529023773275
8295,3.266693237946421
8296,4.113477787395654
8297,3.725322780132947
8298,4.284637865213679
8299,3.025902602597529
8300,3.4161029401594214
8301,3.999256452145784
8302,4.274177087333158
8303,3.94291179669007
8304,3.914364659109095
8305,4.04496735176328
8306,4.411325725428025
8307,4.046560499610704
8308,4.265679730667089
8309,3.6833682130376943
8310,3.750265183404994
8311,4.155222685452029
8312,4.028660443866707
8313,4.277329958481105
8314,3.2677314254177605
8315,4.148639134162044
8316,4.1093422625954705
8317,3.9000108953782684
8318,4.080993805171871
8319,3.6138951017742307
8320,3.9674242721164332
8321,4.351445223578439
8322,4.341708769855008
8323,3.942909283174158
8324,3.7320678195868737
8325,3.991886612004244
8326,4.349424549683635
8327,3.568035995612341
8328,4.158370225567175
8329,3.167345488280915
8330,4.318636118318012
8331,4.31122382993874
8332,3.9645266443807117
8333,3.8415368883209466
8334,4.096673473753583
8335,3.7309681239150208
8336,4.02483116393556
8337,3.47941056552543
8338,4.236284251587341
8339,3.7981595694420807
8340,3.687118661497281
8341,3.9776410168656273
8342,3.8413475108492556
8343,3.3433328886078533
8344,4.092065834965164
8345,3.961214589139239
8346,3.4254664889174955
8347,3.2652739394889263
8348,3.9567046875118597
8349,3.9459780103299043
8350,3.324472492342776
8351,4.074740925595287
8352,3.4887244305417244
8353,3.4460444125915988
8354,4.190467069363428
8355,3.642407038411362
8356,4.1482929347331385
8357,3.833254863194088
8358,3.9252051366367686
8359,3.6661990914853884
8360,3.9407634802923597
8361,3.832708151762423
8362,4.034891592284571
8363,3.660373179427065
8364,3.42861469869569
8365,3.7750707593284853
8366,3.904669490755595
8367,4.045631065496081
8368,3.9469638087025047
8369,3.4970152119211124
8370,3.4413453363560924
8371,4.051880136552897
8372,3.4503466639755236
8373,2.629497145109162
8374,3.2358286044736997
8375,4.07451664536883
8376,4.541932746735281
8377,4.040207325292576
8378,3.9540687198607967
8379,4.089308827900301
8380,3.417085553730604
8381,4.339832983532878
8382,3.9392259983287263
8383,4.138927157739543
8384,3.5230440323335763
8385,3.9393709592719484
8386,4.37591129926017
8387,4.099711689732092
8388,3.843515704909429
8389,3.3280867999359094
8390,4.064993664917261
8391,3.505169694585602
8392,3.552075887545854
8393,4.1561444685735855
8394,4.139289240448857
8395,4.117685714781638
8396,3.903621669020379
8397,3.9828622388163475
8398,3.5428916532697006
8399,4.099049717766512
8400,3.9811687164962497
8401,4.493016140519705
8402,3.942087262332675
8403,4.324757760433788
8404,3.991177398856222
8405,4.387570023689273
8406,4.211228678771093
8407,3.921632827175164
8408,4.28817542203112
8409,4.136716899950978
8410,3.843539542408813
8411,4.023405800539002
8412,3.6218005286579835
8413,3.992844368708667
8414,4.163443215704608
8415,3.481860660569529
8416,4.061965688927803
8417,3.896032425704865
8418,4.332794611140028
8419,3.5031081158147286
8420,3.6670848278006254
8421,4.008358305811382
8422,3.559872843635869
8423,3.9578870721800015
8424,3.0881533709813724
8425,3.942039997487052
8426,4.111352543146746
8427,3.7714030495403668
8428,4.313966704808916
8429,4.003707878632676
8430,4.16277575654412
8431,4.14519092808263
8432,3.9111453012538595
8433,4.007417496444842
8434,4.053094776962813
8435,3.888656731069218
8436,3.5847637305976785
8437,4.057019543036895
8438,4.064290424337256
8439,3.5535327386930504
8440,3.266323913681452
8441,4.202795128750672
8442,4.068155061477762
8443,4.053036493884771
8444,3.8970888479829764
8445,3.1577640365594783
8446,4.007222312412026
8447,3.7328343816017817
8448,3.422200390917949
8449,3.7610115876356494
8450,3.6090515679771626
8451,2.930015634922348
8452,3.189726208212434
8453,4.175143013713323
8454,3.8015315006904378
8455,3.502231701493554
8456,3.6675313676853216
8457,3.8707870136549536
8458,4.024782673882195
8459,4.311673060337074
8460,3.915336722395824
8461,3.6868317806832778
8462,3.488583582860923
8463,3.9316261332719478
8464,3.7020102965644908
8465,3.7066554812537174
8466,4.387314049023423
8467,2.778165760574807
8468,3.6274395822542926
8469,4.115333779308026
8470,3.8702644145477993
8471,3.924574906734496
8472,4.143978371630397
8473,3.923542995044339
8474,3.922923851508805
8475,3.8807209454896996
8476,4.280268637291702
8477,4.282940388592053
8478,3.8079349063738572
8479,4.068544553526338
8480,3.3991138812034456
8481,3.930292581581532
8482,3.396666227129114
8483,3.4482971970751857
8484,4.291797128543778
8485,3.967590012563281
8486,4.506638214979848
8487,4.017844972709802
8488,4.137552189668882
8489,4.417521360201649
8490,4.263773215806558
8491,3.946190509439633
8492,4.213967901033434
8493,4.048752039690685
8494,3.6348575663300986
8495,4.126639035863488
8496,4.538754913449434
8497,2.7961037233824175
8498,3.6543038793660307
8499,4.193614610312717
8500,3.8476961280692876
8501,4.084485867431293
8502,3.241163818228994
8503,4.09348738893668
8504,3.571703014862914
8505,2.7593877890824112
8506,3.9989006742626603
8507,4.010273272568905
8508,3.313997787146373
8509,4.346784394979225
8510,4.0090638409806845
8511,3.74475537263605
8512,4.239131048904243
8513,3.926825901482708
8514,4.262962632330173
8515,3.770279935332353
8516,3.5062422597758474
8517,3.7324734154089922
8518,2.9395699266187907
8519,4.242359507701592
8520,4.324062110410085
8521,3.9814872690309784
8522,3.1153163962404467
8523,3.7578833736406296
8524,3.820556550546373
8525,3.8964453297970696
8526,4.341011519963717
8527,3.432940541524329
8528,3.4424633626853445
8529,3.9811522453875017
8530,4.16121631972145
8531,4.277999794899395
8532,4.0040499522291695
8533,4.0085296014069645
8534,4.148974512695493
8535,4.188500451223693
8536,3.8822921262120653
8537,3.4693441249169337
8538,3.573639952235006
8539,4.08871608635903
8540,4.191184371704102
8541,4.118717266778702
8542,3.5797001604681773
8543,3.6242136420682156
8544,3.982959567636601
8545,3.9563228383938016
8546,3.838472180506357
8547,3.996154567347355
8548,4.2351031303309865
8549,3.3958131748050575
8550,3.8707799996282675
8551,4.144335338186256
8552,4.277174397293
8553,4.36100895724225
8554,3.937896719921046
8555,4.268840546855218
8556,4.006296597440837
8557,4.046836196516672
8558,3.6754048222564455
8559,3.955658316263228
8560,2.924917083505108
8561,4.069660801866924
8562,4.11882662363823
8563,3.51093464369525
8564,3.941631200286456
8565,4.206658164501125
8566,4.2084410694513466
8567,4.269719013594074
8568,3.748930383009206
8569,2.7473073058037314
8570,4.09807017385041
8571,3.932501801545051
8572,3.382602109175523
8573,2.5657437574161337
8574,3.742397923009518
8575,3.919239771541516
8576,3.7344091326427375
8577,3.8324602738627473
8578,3.865427535864644
8579,4.1107880582123615
8580,4.337965059499746
8581,4.151629500824274
8582,3.7606504916751713
8583,4.247467679318595
8584,3.7193306899417493
8585,4.045767231196992
8586,4.2411481297295275
8587,3.7836434964171537
8588,4.269325824008253
8589,4.269675934847202
8590,4.066400620695905
8591,4.086897960278621
8592,4.173813826434697
8593,3.784376323086205
8594,3.7604971592935743
8595,3.321938767209615
8596,4.113537118801684
8597,3.8018255876437697
8598,3.8520848169716086
8599,3.870581010846942
8600,3.5990946797404666
8601,2.9711731257980554
8602,3.03574829516167
8603,3.6288626307206466
8604,3.8039252050470456
8605,3.2013316278119497
8606,3.888026326159407
8607,3.990942135577102
8608,3.869538473659255
8609,4.305013856576912
8610,3.0963180934563432
8611,4.552252277288415
8612,3.5972580949159685
8613,3.870673960773919
8614,3.8593380814628797
8615,4.508501792944082
8616,4.367905190406028
8617,3.959298725791704
8618,3.7722251595822454
8619,4.112656246147031
8620,4.063681714406855
8621,2.6970546331762906
8622,4.158329821742197
8623,4.415855313764266
8624,3.347107960659503
8625,2.877027347695824
8626,4.172370250663749
8627,4.153394646441833
8628,3.9069355935976544
8629,3.9044393027825293
8630,4.205052923450133
8631,3.8088970901843338
8632,2.9851305470735308
8633,3.8620675533945956
8634,3.5981052987391293
8635,3.3589556289720224
8636,3.5780780345859604
8637,3.7063647129470065
8638,4.1980568182492926
8639,3.3165011391961263
8640,3.3531773477345945
8641,4.242148742221105
8642,2.8117131769501924
8643,3.519966282027355
8644,4.270740254274835
8645,3.725425943162696
8646,3.763986482678385
8647,3.7440118329525287
8648,4.063497584596988
8649,4.351885123743286
8650,3.3748424469885183
8651,4.204063173217615
8652,3.232035165294864
8653,3.939554913785791
8654,4.252215952346481
8655,3.49707049118283
8656,3.9289369927004274
8657,4.308023992510024
8658,2.748517699719716
8659,3.2332718507363065
8660,4.167132430624925
8661,4.034187606249756
8662,4.236342903929572
8663,4.219661849188951
8664,3.4194202530880617
8665,3.993671476332886
8666,4.052023965195599
8667,4.246231648009026
8668,4.057491431837814
8669,3.5607321505872322
8670,3.8720451804591245
8671,3.564530663247395
8672,4.24288707153571
8673,2.9388001314602503
8674,4.383843411697705
8675,3.3713479069071997
8676,4.174883012519363
8677,3.869982875713358
8678,3.9601037326754667
8679,4.098677140632252
8680,3.22637547400511
8681,3.6927531522301433
8682,3.8819730414360922
8683,3.8454371259907862
8684,3.9984595068135333
8685,3.848584102817699
8686,4.082288720565694
8687,4.146670169393332
8688,4.12500138149664
8689,4.065262458596575
8690,4.147761746274424
8691,3.972775998931898
8692,4.049792271744826
8693,3.7700689677720214
8694,3.1036527104496745
8695,3.9060956365095816
8696,4.00459590522427
8697,4.132353779859549
8698,4.023959077482263
8699,3.915654401038577
8700,4.119017758676035
8701,4.443713345398271
8702,4.040210185562048
8703,4.046108661969111
8704,3.8212186351676354
8705,3.5915367037629675
8706,3.371708768584529
8707,4.211947600087841
8708,4.2581534726438885
8709,3.3917291505263836
8710,4.054228508200675
8711,3.651071739487251
8712,4.207376181490884
8713,4.198791791420371
8714,3.8056898273031448
8715,4.361700756669356
8716,3.886995360603935
8717,4.223049291374081
8718,3.5100189948390215
8719,4.050235896063314
8720,3.81517148784782
8721,3.720364920932725
8722,4.030468596052042
8723,3.197641822994649
8724,4.188912856314408
8725,3.267488151293505
8726,3.947367995272628
8727,3.9391311351222504
8728,3.8263695557826503
8729,4.345039865344432
8730,3.2039416050216483
8731,4.1182759594584235
8732,3.901698869453607
8733,3.75489882889843
8734,3.6946550730220786
8735,4.036656765992052
8736,3.2975901478828633
8737,4.207046330070303
8738,4.09672381977734
8739,4.122538376068203
8740,3.7742152089274152
8741,3.886466975140728
8742,3.9316884830509653
8743,4.003917407143014
8744,3.520127082864363
8745,3.9009212897459102
8746,4.161941778734151
8747,3.9751919999208085
8748,4.378096115331193
8749,4.225971777738716
8750,4.13514924890328
8751,4.189388765462305
8752,3.29537987875809
8753,4.2664218351424745
8754,3.507632162461829
8755,4.110572253624966
8756,3.1166707151631385
8757,4.211772040947636
8758,4.013078737500305
8759,4.444175111414131
8760,3.569670703636613
8761,3.682256112039216
8762,2.688035657589776
8763,4.0965595208076735
8764,3.5820406360682737
8765,3.9455699062225684
8766,4.507182547953597
8767,3.8268402901746064
8768,4.119499970293616
8769,4.009515993044911
8770,3.8947720764152343
8771,4.4643072264356745
8772,3.8783710848546487
8773,4.1909385630188005
8774,4.037062249882037
8775,3.576946941649908
8776,4.140939208102306
8777,4.088276699875355
8778,3.7156824287714936
8779,3.5427862587509353
8780,3.669675181393168
8781,3.2006390363741533
8782,4.2709740894625
8783,4.404306574937387
8784,3.8453928414062846
8785,4.225217192878748
8786,4.0173207007741185
8787,3.1080978168622497
8788,3.456933879799246
8789,3.731943555207484
8790,3.83083925839499
8791,2.9948341815015858
8792,3.377559211281632
8793,4.070376781823835
8794,4.132475330019161
8795,4.260506587175667
8796,4.347056944092355
8797,3.288125483824856
8798,3.9077697661134456
8799,4.3461910845861045
8800,3.8549583538883136
8801,3.7029772665447
8802,3.2285514585088197
8803,4.0768979978136235
8804,3.740683397049125
8805,3.729778298138686
8806,3.7254848615537632
8807,3.8558098270975605
8808,4.450033296844621
8809,3.912043715482506
8810,4.316464503433051
8811,3.0130409121012227
8812,4.060281792450692
8813,4.645078474265972
8814,3.741140389097969
8815,4.3995812399958325
8816,3.3394922857552514
8817,3.4262423655465213
8818,3.7864066365000806
8819,3.708651090441964
8820,2.7057456224184153
8821,4.167349170796227
8822,3.4530674055989077
8823,4.0113052595129295
8824,4.105259344708742
8825,3.553531964186393
8826,3.857825048484414
8827,3.878524031362608
8828,3.8010853353602565
8829,3.3775650784031814
8830,3.4731495776224968
8831,4.4816688151023705
8832,3.530267658498373
8833,4.073513394487625
8834,3.750966473604992
8835,3.804077629818377
8836,3.44779385995901
8837,3.998942070148481
8838,4.106557893456508
8839,3.577467398657691
8840,4.138377185302902
8841,4.298009486600276
8842,4.2899057998224865
8843,4.114831878650675
8844,3.8948927913391382
8845,4.31747624891848
8846,4.151980835977764
8847,3.2244357665034467
8848,3.7567556141338985
8849,2.8893808224402773
8850,2.720068572730668
8851,4.1897788781167185
8852,3.5543664127020724
8853,3.867362803109793
8854,3.7233064063211994
8855,3.089350254476651
8856,3.8967742328557353
8857,4.054224261782368
8858,3.528906188854981
8859,3.394163819785277
8860,4.063233770876109
8861,3.3728127958818845
8862,3.648956216388165
8863,4.094211102984101
8864,3.9863910346057514
8865,4.188449525129949
8866,4.213282715172219
8867,3.75294020198376
8868,4.234436389402437
8869,3.606508722169966
8870,4.151061744277549
8871,3.6276947977220266
8872,4.150283680691481
8873,3.1842418687
8874,3.211712642434302
8875,3.756751173813039
8876,3.462363600927944
8877,4.365199909072533
8878,4.196845579687143
8879,4.052342757823431
8880,3.935578248378053
8881,3.78007404022689
8882,3.5218326455869087
8883,3.051459567348512
8884,3.556844624314365
8885,3.8732850516703077
8886,3.1619780559654007
8887,3.6047868897589455
8888,4.499173275069837
8889,3.7154801694220394
8890,4.199514177295335
8891,4.013752783619194
8892,3.596842157590248
8893,3.9155411359283887
8894,3.783942696213369
8895,4.528696011947515
8896,4.156452298888922
8897,3.9793377186589334
8898,3.8167223267610764
8899,4.4270366511499635
8900,3.783189711598922
8901,4.347675988591272
8902,3.5452700735170115
8903,3.8537117496162243
8904,3.804045973467076
8905,3.727929842998851
8906,3.0022295004467163
8907,4.22742747299087
8908,3.1670870919733236
8909,4.02253599130544
8910,4.090602713308008
8911,4.078749025283293
8912,4.524551077753835
8913,4.043786835640514
8914,3.9957023033457366
8915,4.361472466992839
8916,3.820732494785659
8917,3.3327968849488148
8918,4.030064592698897
8919,4.404035707857275
8920,3.489749789479302
8921,3.6202476692704386
8922,3.951011618854703
8923,3.7425854486116115
8924,4.077094184670813
8925,3.8328507489214325
8926,4.117438009413011
8927,4.0971777695892095
8928,3.1951791761637116
8929,4.107977699729144
8930,4.418636752797633
8931,3.4930502379077235
8932,3.941736382182196
8933,3.2151860953954903
8934,4.084884459503395
8935,3.7641534557959253
8936,3.7301521031220854
8937,3.534082429435613
8938,4.008365824138388
8939,3.748452679810649
8940,3.7150277305492017
8941,3.609986582434508
8942,4.053395787832429
8943,3.7960018749301154
8944,3.548864788929465
8945,4.0141993827991564
8946,4.126446569613473
8947,3.6045829993735317
8948,4.113220988979396
8949,3.8391361212005024
8950,3.870960404031179
8951,3.042805767469897
8952,4.191333907557205
8953,3.7441496671108863
8954,3.9853093985814008
8955,3.7434143902482955
8956,3.590650096178351
8957,4.094220149141795
8958,3.9836234673685174
8959,4.0683280625943965
8960,4.180909511436829
8961,3.773146705270499
8962,4.06006987098823
8963,3.89118196631798
8964,4.193429823535199
8965,3.96698442607607
8966,4.0762715814145745
8967,4.126028257371789
8968,3.8621850622573697
8969,4.352013534695146
8970,4.0095015701298875
8971,4.0049021635314395
8972,3.230959447433234
8973,3.5415751656618477
8974,4.000733295989174
8975,3.8461206695563352
8976,4.128158122994086
8977,4.106219242935493
8978,3.9471106072746966
8979,4.255535152675711
8980,3.563299492879681
8981,4.290481244508569
8982,3.3600800833050912
8983,3.9700087930531414
8984,4.015699915844924
8985,4.032635458085261
8986,4.154883895215825
8987,3.8209758695312335
8988,4.43909767570135
8989,4.30907530269934
8990,3.881322845286172
8991,4.148499834116941
8992,3.9853174530785327
8993,3.1485673461372827
8994,4.1030347003476955
8995,4.1124628713611076
8996,3.5094711771124003
8997,3.616440819174594
8998,3.7449837617066026
8999,4.006107710655673
9000,3.931036938387798
9001,3.81060663113005
9002,4.207727224633539
9003,4.0135214464327476
9004,2.8322904371868565
9005,4.057984403228351
9006,4.181576949466197
9007,3.5574120242199054
9008,3.7283719601063496
9009,3.608396575496124
9010,4.242080511041798
9011,3.965777356722207
9012,4.110207584043988
9013,3.600644047248458
9014,3.7648178166096984
9015,3.8261693061599145
9016,4.182492609378884
9017,4.083219165775665
9018,3.980149955750425
9019,3.884527716066604
9020,4.009905908077261
9021,4.113320864856141
9022,4.284347910439914
9023,2.967177319655394
9024,3.894751838431432
9025,3.5435398143338004
9026,4.2789026336042895
9027,3.5783453464058086
9028,4.043125743513748
9029,3.174946533027509
9030,3.908708252793757
9031,4.025814533619475
9032,4.38891274270746
9033,3.0171772192884534
9034,4.271103743512572
9035,4.107046413865675
9036,3.6007827034128557
9037,4.094006855223411
9038,4.102408680631511
9039,2.4980436083358026
9040,3.6981421315121232
9041,3.764276861129424
9042,3.1265169481892565
9043,3.9016251519444864
9044,3.7930886648415596
9045,3.2685823700554226
9046,3.347811475847392
9047,2.5943217162844014
9048,4.362341961069624
9049,4.07557506593085
9050,4.340645599229054
9051,4.022625063339557
9052,3.8093870571191384
9053,4.097874826039769
9054,2.9123985697531136
9055,4.016643056291698
9056,3.5209276997191097
9057,4.409798004345478
9058,3.8941995008612342
9059,3.928737005069319
9060,4.086457298748733
9061,4.03348210579278
9062,3.6720976936834435
9063,3.832449090434763
9064,3.817469426356885
9065,4.0370121559735646
9066,3.567294567515718
9067,3.9101865614825337
9068,3.8506330663677195
9069,3.258858253239518
9070,4.145718664165648
9071,3.1804558625305894
9072,4.1040166531940345
9073,4.096127049990671
9074,3.158875189565026
9075,3.082883258927693
9076,3.9026278356195703
9077,4.097258350908907
9078,3.54663601692287
9079,4.0631115337011305
9080,3.6869329317311585
9081,4.099550130734418
9082,3.830555270579339
9083,3.8356894040206067
9084,4.1350867249559276
9085,4.229539358504747
9086,3.817994581560225
9087,4.585305227778362
9088,3.8194233569926572
9089,4.234703224666918
9090,3.7134560022370504
9091,3.4030986196350135
9092,3.8664028538236077
9093,3.5908838564895222
9094,3.865326699121606
9095,3.9624706600938695
9096,4.038708567206854
9097,3.5502143137834734
9098,3.835651779715113
9099,3.6014289400481956
9100,4.202256135707111
9101,4.258705552208216
9102,4.255614183037656
9103,4.1448409299171
9104,3.8023021140647173
9105,3.830064270314646
9106,3.6455773571534915
9107,3.858622134294652
9108,4.293814785535166
9109,4.217699789590221
9110,3.825080561588633
9111,4.271368573476185
9112,3.7086357045674716
9113,4.1613051254499
9114,4.0017329104656945
9115,3.6617326854784626
9116,3.9687597700336505
9117,4.062351989089777
9118,4.174446128327148
9119,4.026911775665535
9120,4.159762202119074
9121,3.6047800229556826
9122,4.088747314265139
9123,3.718403388900461
9124,3.659377663125534
9125,3.6665823353513876
9126,3.814364314366791
9127,4.245775816239403
9128,3.9881699570438474
9129,3.4129912303306633
9130,2.910604862681424
9131,3.9312692493845662
9132,3.7275790000497038
9133,3.697712902330961
9134,4.009737158496352
9135,4.128622890050772
9136,4.097565483378746
9137,3.9348662214203403
9138,3.770717871195208
9139,3.4034867333283283
9140,4.536252936051604
9141,3.9401511038101056
9142,4.155257233253857
9143,3.285000269939046
9144,3.93709152179673
9145,3.9678213945571277
9146,4.1944659698699756
9147,2.552596815988454
9148,3.623757707451056
9149,4.2563051706906165
9150,4.05496262594421
9151,4.219663411480996
9152,4.141158321021141
9153,4.356801233482844
9154,4.112550558187071
9155,4.205730548302103
9156,4.14283798563808
9157,3.892342974775344
9158,3.580854998326006
9159,4.0856337078273475
9160,2.739731333033821
9161,3.0258923600635477
9162,3.8154425293766847
9163,4.192908524680789
9164,4.057187269162161
9165,4.077376627745792
9166,3.7800490141006784
9167,3.592904656018058
9168,4.304738927358364
9169,4.088666715644877
9170,3.896053627277413
9171,3.522293304696579
9172,4.095091750918491
9173,4.208935912000414
9174,3.81286870022023
9175,4.248483910644978
9176,3.913556059290388
9177,4.169742827927914
9178,3.4213324231844875
9179,3.620612035497317
9180,3.804225925520413
9181,4.131655106785419
9182,2.5022439103898226
9183,4.164516887864136
9184,3.199314273489016
9185,3.078463394885117
9186,4.05058504858214
9187,3.7380018458472537
9188,3.524226357173415
9189,4.1733529197804575
9190,2.4977367576668517
9191,4.153078194682588
9192,4.155047641261904
9193,4.083101786058899
9194,4.017204759040259
9195,3.6085065713055116
9196,3.8703530278115053
9197,3.9289796114115667
9198,4.056467001345313
9199,4.227503735541279
9200,3.9155712946589234
9201,3.8167203414798183
9202,3.636575364385696
9203,4.059374365975127
9204,3.9851946820333697
9205,4.118389013392674
9206,4.240659418158651
9207,3.5603549780694235
9208,4.015031068589261
9209,3.9820374076367915
9210,4.482780702721993
9211,3.147391281752333
9212,4.099855497412484
9213,3.8835904807324195
9214,3.9666473465810768
9215,4.0670819778299085
9216,3.9789496737950527
9217,3.817068928336892
9218,3.9603242479285297
9219,4.2321657391144045
9220,3.9763413115353203
9221,4.044095106478155
9222,3.370535132906128
9223,3.788573578135913
9224,3.265118521218034
9225,3.757266407128356
9226,4.255962175843306
9227,2.7814191952812686
9228,3.1830145052899366
9229,3.6889878396074973
9230,4.151844745681909
9231,3.479189742364942
9232,4.07838205169357
9233,4.146994658958806
9234,3.9443556450682595
9235,2.7696281947178756
9236,4.080079336140249
9237,3.7510451762879096
9238,3.818509004981256
9239,3.8979720303615704
9240,3.8607437290655087
9241,4.503027698481748
9242,3.8310735159885136
9243,3.9596834429319383
9244,3.672920619754302
9245,3.76100771855708
9246,4.121969009913876
9247,4.057721723617807
9248,4.464720099790406
9249,3.9407168951304112
9250,4.176490215598524
9251,3.3612215739172786
9252,4.4169091961416385
9253,3.4039768650251045
9254,3.722209953693443
9255,4.3089007668710195
9256,3.9088221392921816
9257,3.8907636430878485
9258,3.6889317469000518
9259,4.16097094210964
9260,4.087796471390155
9261,3.8130436579068174
9262,3.701073451365225
9263,3.399267220112929
9264,3.5361076466045915
9265,4.140820674141418
9266,3.830867334603041
9267,3.7949708267679525
9268,4.203492114906241
9269,4.006862092960651
9270,4.503873487635616
9271,4.103202195239206
9272,4.172800574353619
9273,3.5526813376358133
9274,2.6551740868103897
9275,4.460838735283224
9276,4.151339947676077
9277,3.860999550301846
9278,3.663832854394251
9279,4.340301327436779
9280,3.365067948407919
9281,3.999288442394049
9282,4.137190496142247
9283,3.595160987566042
9284,4.281170552272797
9285,3.436992362854296
9286,3.9681459486110993
9287,4.230756101613817
9288,2.9568353715930273
9289,3.64537976941278
9290,3.616838413653157
9291,4.335237540259522
9292,3.68241103264083
9293,3.5288581038141333
9294,3.8556215777746523
9295,2.9023793104786115
9296,4.398190522520053
9297,3.5747976756443993
9298,3.3579059589135225
9299,3.136630668665858
9300,3.7403757883461513
9301,4.072335774566517
9302,4.20924280884472
9303,4.383256666380435
9304,3.4188832174086246
9305,3.9306926226680736
9306,4.051431043119169
9307,3.9007335920718105
9308,4.340260278364096
9309,4.1999600742149825
9310,3.113580432933144
9311,4.2260196576945175
9312,2.8968460796579842
9313,4.17189716955767
9314,4.016623684636789
9315,3.300227746852422
9316,3.9369930836512634
9317,3.780654572354485
9318,3.5875866860077212
9319,4.095251951575952
9320,3.5163549405631715
9321,3.9167818530799603
9322,3.8267087780497846
9323,3.993987637978809
9324,3.2989917656315892
9325,3.7013405488661237
9326,3.919692059377448
9327,4.430262241329388
9328,3.263657027139881
9329,3.9125327833918844
9330,3.8025922186751555
9331,3.8893861080305023
9332,4.020717660837327
9333,4.116553256990834
9334,3.7119672535894326
9335,4.057839407005125
9336,3.811522033532335
9337,4.167486389397866
9338,4.125506710313851
9339,3.9351691155333013
9340,4.067147800538043
9341,2.9814749832025784
9342,3.92966984121112
9343,3.3740052246100665
9344,3.94154037545693
9345,3.569409359030006
9346,3.7983383532971766
9347,3.528381962750378
9348,3.374642072847846
9349,3.6754493815698677
9350,3.5036245732726865
9351,4.072574088734693
9352,3.9363842873843167
9353,3.2223551255669247
9354,4.074989337065205
9355,4.181652444129219
9356,3.8936151083699517
9357,4.348285930371056
9358,4.170311031097168
9359,3.6453039834512735
9360,3.184932121856223
9361,3.9543119391968085
9362,4.1893342676326215
9363,4.099408082706061
9364,3.4411869521307277
9365,3.0660581871540713
9366,3.916406790034793
9367,4.162153351259696
9368,4.536816212326117
9369,3.917605543380473
9370,4.263358490709277
9371,4.055657501513662
9372,3.98121257172629
9373,4.030203501616745
9374,3.611055000200541
9375,4.134959581464012
9376,3.4782983443929933
9377,3.7961476804897476
9378,3.8852904874933674
9379,4.371197032066348
9380,3.9192341693486514
9381,4.043870155474434
9382,4.339935232261101
9383,3.349032891374536
9384,4.144632665684514
9385,4.041017627012978
9386,4.233156350660514
9387,4.1319743584934265
9388,4.013819104990277
9389,4.183327529993387
9390,3.9248173225419865
9391,3.3339829488512174
9392,3.802495372848502
9393,4.1524198935730166
9394,4.206014242040187
9395,3.5320139106025565
9396,3.893152877658691
9397,4.2649333202553095
9398,3.6436150558117517
9399,3.257202364528997
9400,3.9935111058930346
9401,3.90549038709805
9402,3.837894303344562
9403,4.344769512094086
9404,3.785025824387363
9405,4.090886234659208
9406,3.8578987168888594
9407,2.861408452140487
9408,4.262475147266403
9409,3.9981303594746715
9410,4.077166573699534
9411,4.125025496341016
9412,3.20587038749132
9413,4.187032268388798
9414,4.030607329109656
9415,3.791135518123529
9416,3.4931119576151977
9417,3.6455154857697556
9418,4.302623681892615
9419,3.4838736917510746
9420,4.256279201215681
9421,4.273919817560541
9422,3.980002521761822
9423,3.543499349805621
9424,3.411693953773341
9425,3.8891481057715622
9426,3.7312614250878218
9427,3.9245804236905495
9428,3.8264980054164237
9429,3.421942607091625
9430,3.2567958731963706
9431,3.2807008896384104
9432,3.904180960129425
9433,4.154666778848291
9434,3.470045275272372
9435,3.412929172805646
9436,3.7088468299999695
9437,3.5853474118062447
9438,3.702860679061149
9439,3.879605041728881
9440,2.8416859069888476
9441,4.19238185721451
9442,3.5126634836710067
9443,4.200191145550852
9444,4.114577210260402
9445,4.18918947328096
9446,4.450208930343595
9447,3.6726709825945743
9448,4.038172112855285
9449,4.122921720112932
9450,3.1781344384626586
9451,4.242663719574986
9452,4.284487382601845
9453,4.049604583625469
9454,3.8757556629919274
9455,3.881862846467521
9456,3.9952617078710864
9457,4.304702136743393
9458,3.9085663965107953
9459,3.7382019057656444
9460,4.075081915167726
9461,3.3199462505410975
9462,3.8071503245997755
9463,3.6677708351171594
9464,3.760155569666136
9465,4.03236462388297
9466,3.1552038034245538
9467,3.9167772547497846
9468,4.073166720139039
9469,3.8228567448249553
9470,3.6634733925452347
9471,3.378736977813533
9472,4.08479505200539
9473,3.5921233517763587
9474,4.232850503012462
9475,3.6085521819979607
9476,4.293221836350305
9477,4.451167704509836
9478,3.5417997475267757
9479,4.010012767925477
9480,4.091985129991374
9481,2.5508360358603985
9482,4.31146287228582
9483,3.9727796986740773
9484,4.484683917595097
9485,3.6489995629127256
9486,4.084361464066993
9487,3.2217076685789543
9488,4.331370006451621
9489,3.6900499124776704
9490,4.288454745499476
9491,4.041275627260419
9492,3.7650120544904135
9493,3.8823778269492557
9494,2.9589854409643506
9495,4.442862401444999
9496,4.100195216869743
9497,3.5595026135141357
9498,4.331938195423711
9499,3.265742002809305
9500,3.6255386675434957
9501,4.026026598121707
9502,4.214027732013541
9503,3.65206260425085
9504,4.1114605374999105
9505,4.136604859885063
9506,3.967550105531877
9507,3.89778656706753
9508,3.6842951217124655
9509,3.364152095367745
9510,4.13159220144723
9511,3.9318617394772857
9512,4.04529549990413
9513,3.7446569939873204
9514,3.7988367480659684
9515,3.9990311557511364
9516,4.091367087427396
9517,3.262116685798028
9518,3.7781478784474514
9519,4.05045588759275
9520,4.032759789237859
9521,3.904878411760876
9522,3.0454807062015687
9523,3.5309083181826404
9524,3.818925527043488
9525,3.036622875946196
9526,3.7164805631413023
9527,3.3524831477409323
9528,3.249922801540213
9529,3.870330431448302
9530,4.064419037044889
9531,4.152142448445805
9532,3.2072772722747094
9533,3.258173487445107
9534,3.0737599479446573
9535,3.23994156146905
9536,4.141494211605006
9537,3.7931906353953946
9538,3.9377822959062874
9539,3.4869475794439335
9540,3.227174825149356
9541,3.429498995992541
9542,4.209723629397192
9543,3.6079490531593708
9544,3.029916639425853
9545,3.910824328552416
9546,3.9437644104485594
9547,3.5027600232445675
9548,4.148362132859665
9549,3.432339775411682
9550,4.385291556490797
9551,3.3476814009328835
9552,4.056059666245015
9553,4.155996108918036
9554,4.151929474740271
9555,4.071608597794791
9556,3.6313756542368476
9557,2.7005529264737334
9558,3.987093009278388
9559,4.1807493932033495
9560,3.9426621671814597
9561,4.347679698892108
9562,4.1524320871596
9563,4.189691255677643
9564,3.1572045764156362
9565,4.268513405972584
9566,4.30711203911112
9567,3.716582897560799
9568,4.12111321075469
9569,4.178949376081919
9570,3.9771983576542054
9571,4.015743512448259
9572,4.06782616057463
9573,3.8034080873741702
9574,3.668683646847378
9575,4.306940097289046
9576,4.16853204329802
9577,4.090895726987869
9578,3.8051215202589574
9579,4.07167699911541
9580,4.083151617319182
9581,4.161744081476645
9582,3.493428747514996
9583,4.14929564095438
9584,3.224191556242482
9585,4.074194257403406
9586,3.6557610810315153
9587,3.9351240448993408
9588,3.671797016760802
9589,4.25698352019351
9590,4.40758838051096
9591,3.3499780520532907
9592,3.938631464045783
9593,3.8987128928988053
9594,4.007405072049377
9595,4.043620719077952
9596,3.8262584664228476
9597,3.9556559424638302
9598,3.7014852855257665
9599,2.9067168958955567
9600,4.357567425670797
9601,4.239417139800109
9602,3.909780638767683
9603,4.302125116643554
9604,3.6059704399936217
9605,3.631546560475725
9606,4.307826832801701
9607,3.7485650778644177
9608,3.5029079597578265
9609,3.928422475662651
9610,3.7747052578501696
9611,3.7783615474279517
9612,4.076343672819469
9613,4.243422496818112
9614,4.156972609865316
9615,4.009403142764777
9616,3.985271546681733
9617,4.008037586378859
9618,4.014484405308692
9619,3.890961998843424
9620,3.95464237285919
9621,3.7524796084226986
9622,2.9078488681566754
9623,3.804217616887841
9624,4.157519597378141
9625,4.013484194140978
9626,4.509487707066691
9627,4.057341496649281
9628,3.8810181382936966
9629,3.7914772982863862
9630,3.8885884552405794
9631,4.411567250655178
9632,3.975393563982524
9633,4.267413611554365
9634,3.87807292844214
9635,2.7140775438715807
9636,3.655662680187135
9637,3.1954908646847624
9638,3.8551503806720047
9639,4.046809836068792
9640,3.939934826655421
9641,4.1536970797550605
9642,3.7673743811523317
9643,4.215560036092908
9644,3.9051472000533263
9645,3.5246006957329876
9646,4.2583882426404545
9647,3.4462383991001335
9648,3.761624180679524
9649,4.537901800301666
9650,3.628663136978123
9651,3.8965600870344352
9652,4.077273489195094
9653,3.982895514536133
9654,3.7948939832877073
9655,3.941263466143197
9656,3.809657528994461
9657,4.074604816915164
9658,4.238856426107534
9659,3.915598482637103
9660,3.9370995588840287
9661,4.198973402431252
9662,3.8268802813751117
9663,4.286349896384499
9664,4.300421548491886
9665,4.135386816904388
9666,4.116254541344206
9667,3.8781515599452527
9668,3.90037849859209
9669,4.1310277852254425
9670,3.7060471829810786
9671,3.538193999629973
9672,3.4649550942281326
9673,4.1032541699573315
9674,3.4719901408394556
9675,3.497894391982602
9676,4.075920090377496
9677,2.9673681798816998
9678,4.142688200193734
9679,3.933282716329479
9680,4.239920380936411
9681,4.013432175136037
9682,3.9759663462881933
9683,4.390818726202096
9684,4.216207275345181
9685,3.9530441203959352
9686,3.952436893341321
9687,4.077002252242224
9688,4.225015397791014
9689,4.134750434998914
9690,3.1905216688479543
9691,4.194368839477532
9692,4.045220751305041
9693,4.0253505561525955
9694,3.918191026486095
9695,3.7723952088605133
9696,3.9851355449512957
9697,4.400329600314686
9698,3.6879702076383105
9699,3.3922853898151097
9700,4.1539715789694585
9701,3.535903043728584
9702,4.037362990759887
9703,3.443498547528208
9704,2.731024081069397
9705,4.435536784717519
9706,4.0936193760122945
9707,4.09532399390289
9708,3.5125948697425193
9709,3.8155193180962406
9710,4.055097001325751
9711,4.395205448669962
9712,3.0113904852618174
9713,4.044712398478894
9714,3.819574127313928
9715,3.7187417274045833
9716,3.84186304248996
9717,3.8570250467210196
9718,3.8331200856360472
9719,4.351536113949037
9720,3.965102191748449
9721,3.8980408562031403
9722,4.187165652564129
9723,3.9155277011490965
9724,4.419447634820174
9725,3.762120526864654
9726,3.2822518918313586
9727,2.8411455118554247
9728,3.4599523058339954
9729,3.3613488080964236
9730,4.044577353004232
9731,4.156406668147899
9732,4.165519467977532
9733,3.844910722947804
9734,3.932910383680459
9735,4.185510629128202
9736,3.8321018272503777
9737,3.8513147029813566
9738,4.057211424725208
9739,3.6852542011489224
9740,4.498913890601492
9741,4.044851837373661
9742,3.807813566556848
9743,3.5109771503229754
9744,3.9477453417944592
9745,3.744608176156706
9746,3.762636751516268
9747,3.8821972807854506
9748,4.22392307293546
9749,4.077308738028825
9750,2.7820344541194166
9751,4.000907191824844
9752,4.145478318621429
9753,3.7588943546667397
9754,4.315480257099504
9755,3.6635268047532787
9756,4.1879525378960105
9757,4.3416503766613666
9758,3.718670418939448
9759,4.259569788705744
9760,3.856139283628857
9761,4.1581610136586615
9762,4.253048425428706
9763,4.511490362005755
9764,3.77861600707576
9765,3.756586238236539
9766,3.3605183970450376
9767,4.00108304761623
9768,3.974380240817948
9769,3.7676303056238285
9770,4.534763401450521
9771,4.047871347269586
9772,3.6446436903101556
9773,3.3444809046326185
9774,3.247179602529952
9775,2.9760044451975083
9776,3.998471486810831
9777,3.838765186818985
9778,4.086297840776038
9779,4.3327320663154065
9780,3.982890036714798
9781,4.1698833100222705
9782,4.061680873931826
9783,3.9383087682713307
9784,3.7961765549687243
9785,4.1089812673814015
9786,3.5817893230457063
9787,3.6707637513472733
9788,3.2735677138816484
9789,4.251613520132219
9790,4.245899414895965
9791,3.827586197133309
9792,3.795424913159359
9793,3.0097464296328513
9794,3.9915312601344475
9795,4.218284327899585
9796,3.4895884005800153
9797,3.2893910060694345
9798,4.176873291521844
9799,3.8738959865495053
9800,3.922771195783577
9801,3.805507491232783
9802,4.23109109635754
9803,4.200797148888514
9804,3.9277839163724053
9805,3.7999605888094665
9806,4.498167795791202
9807,4.242672389268512
9808,4.134917098311124
9809,4.076793740534565
9810,4.14010786121746
9811,3.4705268602177655
9812,4.1237875958785954
9813,3.9709407174327027
9814,3.7631807520442284
9815,3.9519238935195413
9816,3.643213850137363
9817,3.9608393356773384
9818,3.865733516176444
9819,4.179207873775687
9820,3.8263780158238325
9821,3.828775133444314
9822,4.105374077539931
9823,3.5218604886242657
9824,3.5754925374265456
9825,4.062162955756325
9826,3.860373502177585
9827,3.917324480838545
9828,4.050150641444612
9829,4.0434224111992085
9830,3.762482863028121
9831,4.289098917952925
9832,3.941526238222296
9833,4.072680689018255
9834,4.548786346297885
9835,4.197289562350338
9836,4.0990503548208475
9837,3.823866467715312
9838,4.323771378961376
9839,3.2772522598398903
9840,4.331103558983863
9841,3.5031486969382337
9842,4.105445713303174
9843,4.268080928365163
9844,4.2055900904062655
9845,4.01719213128818
9846,3.7598144959147626
9847,3.3829948366656453
9848,4.036027862194866
9849,4.232884706254838
9850,4.330670863192796
9851,4.1814292757643905
9852,4.315295208244044
9853,3.0501084484609344
9854,3.211698260621124
9855,3.9832011624217536
9856,4.113526904422608
9857,4.208297383053618
9858,3.795412440941555
9859,4.1561021645404885
9860,3.9541139282024913
9861,4.169161118220029
9862,4.058863384301086
9863,4.081904212519402
9864,3.881881241921062
9865,3.7628093274038883
9866,3.0826086461279405
9867,3.6341676714840956
9868,3.642023298649959
9869,4.139708043657844
9870,4.232985215208329
9871,3.894061965395741
9872,4.033823601769357
9873,3.509976106414369
9874,4.2004919052130925
9875,4.374364899790526
9876,3.600885297003458
9877,4.255329454683462
9878,4.334770391730223
9879,3.966644727096117
9880,4.148654099870085
9881,4.143746151544533
9882,3.7014188380695145
9883,3.618099421888087
9884,4.26378925161674
9885,4.051163420980094
9886,3.61582450885845
9887,4.383782520747562
9888,4.090119981284261
9889,3.8400427113259394
9890,4.182756078139638
9891,3.5758564380767455
9892,4.150452459406883
9893,4.298103044895177
9894,4.209468811027447
9895,4.043919565031259
9896,4.011651595811283
9897,3.890448404399099
9898,3.2601760307149283
9899,4.237478219075185
9900,3.646909864864752
9901,3.6261455091475145
9902,3.3625192988952795
9903,4.067013777673773
9904,3.154548649433878
9905,4.080710118223637
9906,4.05588414621768
9907,4.169853514560447
9908,4.167179075625867
9909,4.1077832992579655
9910,4.248876397941695
9911,3.676971472485375
9912,4.285973338345866
9913,4.2419775484391495
9914,3.805799664344005
9915,4.195519687286509
9916,4.140671604506921
9917,3.119137797861673
9918,4.017221510987367
9919,4.112805466916606
9920,3.8429343701210503
9921,4.040200421007597
9922,3.486973985088476
9923,4.131272320388905
9924,3.6798404710622497
9925,3.7534991477149076
9926,3.8654246080165984
9927,4.097222118056404
9928,3.7699849093591427
9929,3.958631264675261
9930,4.0088026704769035
9931,3.9561346874749788
9932,3.9806220348475554
9933,4.127534428949166
9934,3.5158557104740726
9935,2.8288322921505835
9936,3.9841238254541302
9937,4.1017531465674875
9938,4.395921667445245
9939,4.0184180039216075
9940,4.147101512643382
9941,3.422250540063217
9942,3.748151138680477
9943,4.029681425562671
9944,3.8040838797814125
9945,4.371372257757737
9946,3.1466999234680886
9947,3.9419660809650647
9948,3.149848921806125
9949,4.202382074181827
9950,3.9867717311189046
9951,3.8511262255249017
9952,4.221817753893731
9953,3.7989773428449563
9954,2.785555429829043
9955,4.1564387292676965
9956,4.115381065737534
9957,4.245769010348663
9958,4.095348941980279
9959,4.334175226218397
9960,3.6976749322088
9961,4.117175409929479
9962,4.2183424165184675
9963,2.9285693056350124
9964,4.078568053946357
9965,4.1282974004176225
9966,3.932682543878342
9967,4.276814613581407
9968,3.8754596280558684
9969,4.4425114360108475
9970,2.629056468927379
9971,3.8897279501599695
9972,4.09965865763343
9973,3.4763088572344927
9974,3.609023612135906
9975,4.112323313210203
9976,3.7853308630416214
9977,4.112578363751334
9978,3.1303425891952763
9979,4.077601504329558
9980,4.099932216615811
9981,4.0864606531468715
9982,4.304775698791876
9983,4.087081463126189
9984,3.7285191386824925
9985,4.14334108104842
9986,3.479307131950129
9987,4.087253869928473
9988,3.665783518602237
9989,2.521588248111533
9990,4.256867372089406
9991,3.5246071315597374
9992,3.7835195795151035
9993,3.827003497057403
9994,3.5301692897190606
9995,3.8142037681170184
9996,3.9835014070496224
9997,4.065769965589112
9998,4.017362166268889
9999,3.8138642978850377
10000,4.058179580476448
10001,4.186583423120171
10002,3.9537375413749425
10003,4.080854766112352
10004,3.806122702914569
10005,3.7611419193804156
10006,3.9194805405152637
10007,2.8507837178738
10008,3.9604297891745297
10009,4.168317321801417
10010,3.723306841739765
10011,3.625060151572947
10012,4.0787049462794664
10013,3.6963375195681034
10014,3.6510536747316835
10015,4.283293002550934
10016,3.3903405587149402
10017,3.575014769156654
10018,2.7369246469480575
10019,2.9755613070966334
10020,3.7477859372148328
10021,4.018892928400995
10022,4.350830247145415
10023,3.9216603078513237
10024,3.5494699318218075
10025,3.782678687039737
10026,3.9735352741589667
10027,3.492290014522131
10028,3.771747529050161
10029,4.424999946503918
10030,3.7361210178311453
10031,3.940247632400321
10032,3.6125852013690034
10033,4.028019197355959
10034,3.892257760347082
10035,3.9234617769639164
10036,3.8593301778889
10037,4.3216497799318345
10038,3.2890069038494194
10039,4.064730356999648
10040,3.8783971989242683
10041,4.2881849935734895
10042,3.524416194052626
10043,4.114086384850772
10044,4.353892354317145
10045,3.8586989037095902
10046,4.511404861850627
10047,3.701569814544833
10048,3.812768090512919
10049,4.171559634791414
10050,3.034285297150193
10051,4.137242325934199
10052,4.106746205765399
10053,4.064275681425993
10054,2.6180785470546195
10055,2.9457051393926146
10056,4.307609975005403
10057,3.734295762070416
10058,4.281533307214898
10059,3.851624634388203
10060,3.8567337361547045
10061,4.129952794823579
10062,3.960197819479199
10063,3.9868469380480134
10064,3.8722490315958504
10065,3.5897832818893494
10066,3.9861069958712823
10067,3.840812759975946
10068,3.8367750208672367
10069,3.7866488042541566
10070,3.555905927783364
10071,4.131103655018467
10072,3.913627040073374
10073,3.8635559628067426
10074,3.8805282242192023
10075,3.8517955219333446
10076,4.156403603497694
10077,4.1213436698834265
10078,3.775208149400409
10079,3.689776932499386
10080,3.9550915842315795
10081,3.9746568429021902
10082,4.471059403053586
10083,3.9783944053538858
10084,3.5244563492789136
10085,3.832439658570876
10086,4.249130033665113
10087,4.413155196360174
10088,4.117797660675517
10089,2.7205229926938532
10090,3.9039538369503552
10091,4.079179815242437
10092,3.8169216511216018
10093,4.010236862989532
10094,3.7183629736245023
10095,4.147569269667719
10096,3.8258605589415122
10097,3.4893324099237075
10098,4.426597138163832
10099,3.716586654368256
10100,3.6412528330532146
10101,3.1726409798649624
10102,4.32595668093492
10103,3.7910130953089354
10104,3.9867478924620157
10105,4.223309978363231
10106,4.100357989611245
10107,3.7879209837234704
10108,3.986007233058014
10109,3.9825613726583358
10110,4.2063654988463925
10111,4.141838668122967
10112,4.10224173040098
10113,4.142131508118235
10114,3.4203158894263916
10115,4.33234350892766
10116,3.3088653952144855
10117,4.436793718965539
10118,3.9294159107943187
10119,3.8579472675170714
10120,3.6930759607281014
10121,4.150561092128769
10122,4.207909383529019
10123,3.7409161723824793
10124,4.072213585619769
10125,2.8703291446604053
10126,3.867109634946011
10127,3.7133341211890083
10128,3.824982257470381
10129,4.084112131725396
10130,3.956849482024645
10131,4.293471299346739
10132,4.160700514725857
10133,3.8153070685361854
10134,2.953321934282125
10135,3.632750989418665
10136,4.1183158915055404
10137,3.0022179403065987
10138,3.964667879000796
10139,4.00105500981856
10140,4.500386445432084
10141,3.9394545456657775
10142,3.094314338408469
10143,3.9190876490609132
10144,3.9378105042633123
10145,3.844942247818667
10146,4.185191222711917
10147,4.415144031748827
10148,3.8205598345682446
10149,4.102976782214034
10150,3.1273436978239046
10151,4.365339529597189
10152,4.0940048587390505
10153,3.5831848439366625
10154,3.8348884314798806
10155,3.7591624007170648
10156,3.9052932954379327
10157,4.024402712750128
10158,4.098180728029911
10159,3.727588552536569
10160,2.7400534521801596
10161,4.113625004023312
10162,4.105475255885515
10163,3.989476662946325
10164,3.291064571373961
10165,4.3167665359367
10166,3.8425781715131446
10167,3.710402691918931
10168,3.70872238371356
10169,3.3432114213015827
10170,3.639646025674401
10171,3.971240002352857
10172,3.6359486523245117
10173,3.98767490383466
10174,4.074917642847671
10175,4.076822084722274
10176,3.5915429647370845
10177,4.193127417586274
10178,3.751426593047982
10179,3.813447623403723
10180,4.2623386473629274
10181,3.6548795807318495
10182,4.418403628478441
10183,4.129537326185039
10184,3.903621116240632
10185,4.378555415412189
10186,4.287197010944322
10187,3.8894286161450076
10188,3.9897312834382563
10189,3.6202177848036716
10190,4.333320483738328
10191,3.719584937159454
10192,3.7877781451029544
10193,4.202765099989125
10194,4.183273504795902
10195,4.232109231731247
10196,3.9604281702502733
10197,4.463348113694887
10198,3.8147797763639186
10199,3.9255599267534382
10200,4.221485735668578
10201,4.13220157254813
10202,3.8424171591947274
10203,4.203735512894615
10204,3.992955835663962
10205,3.667536936899946
10206,3.7465178477260506
10207,4.009352054897764
10208,4.111552848902863
10209,3.373549437381744
10210,3.591989419382894
10211,4.059375131656161
10212,3.916888784307508
10213,4.027164167308004
10214,3.857946185679378
10215,3.939841150597819
10216,3.4048751194201325
10217,3.6388392156180345
10218,4.346048605658069
10219,4.095092928024854
10220,4.293034785255853
10221,3.967057169942128
10222,4.205532814601277
10223,3.9356571752498013
10224,3.374859853400775
10225,4.053646970047938
10226,3.950145454929239
10227,3.8971199133183125
10228,3.7842778162206643
10229,3.971400148316956
10230,4.103402253288511
10231,3.8857466591065797
10232,4.103284714564471
10233,3.799714407153831
10234,4.021416254654813
10235,3.6767784539208153
10236,4.431093949704681
10237,3.4300549555363604
10238,3.9242737045258695
10239,3.9143151606502586
10240,2.85378873656433
10241,3.959812676997858
10242,4.207405990823386
10243,3.9481802693306887
10244,3.8717274848243717
10245,4.07621827010058
10246,4.330875213385905
10247,4.317536028495796
10248,3.5091138324203492
10249,3.9973570055638143
10250,3.5874529014484953
10251,3.80064588203781
10252,3.9802354565774642
10253,4.319318892306382
10254,3.6731950216463725
10255,4.104497035799125
10256,3.6131913261353694
10257,3.9483598386498175
10258,4.166608762342016
10259,3.8873622643706334
10260,4.071211088769101
10261,3.7809018326558697
10262,3.822660001153077
10263,2.867908154494697
10264,4.1852122682234
10265,3.640684631115873
10266,3.9116143786628763
10267,3.7391654057765282
10268,4.347583797771478
10269,4.234906486669672
10270,3.217202471755084
10271,3.0476204752870832
10272,4.1686397702366405
10273,4.013513616539793
10274,3.765756281118676
10275,3.6916208983821903
10276,4.227159746641071
10277,4.08232814686711
10278,4.2990990799356865
10279,4.128051016286651
10280,4.184559089447927
10281,4.394228977008879
10282,3.830008339884657
10283,3.683640408976744
10284,4.085785747268011
10285,4.520170481760325
10286,4.3571614159847725
10287,3.1946539651888886
10288,4.04893662013772
10289,4.093849175468911
10290,3.6126880751545376
10291,4.013682961094191
10292,3.8850381374915424
10293,4.017166243010071
10294,3.895487384609512
10295,4.127539623739233
10296,4.151878773300581
10297,3.801226252166429
10298,3.8024299646104365
10299,4.204310473191
10300,4.137677745887235
10301,4.137066329716066
10302,3.9856643467219595
10303,3.5233230742263077
10304,4.067396138312253
10305,4.029625143663551
10306,3.6463547028518573
10307,3.7331750165197484
10308,4.056167583863601
10309,4.025051964276378
10310,2.9365186883551466
10311,3.7028405403597207
10312,3.5867531759477234
10313,3.672550129132262
10314,4.305471364175645
10315,4.036233076337358
10316,3.851954331538088
10317,3.5203921668396774
10318,3.690160393875585
10319,4.087242527727302
10320,3.7615438931687915
10321,3.893152468898451
10322,3.8421158034785314
10323,4.159940777051309
10324,4.210483123935607
10325,3.8692349899762077
10326,3.7980467979661983
10327,3.703662043401572
10328,4.025567364182863
10329,3.6929920432442183
10330,3.976630041880646
10331,3.998094351516005
10332,3.995285686619539
10333,3.61650147244788
10334,3.8867680115553767
10335,4.150948609663654
10336,3.9626016686448673
10337,4.234584498486759
10338,2.8115053518288833
10339,4.418752216269862
10340,3.8598673631859817
10341,4.259864383314588
10342,3.816586412056616
10343,4.274951030154006
10344,3.4922379928876355
10345,3.5133907845538994
10346,3.6771232130624565
10347,3.8998468639424724
10348,3.7300396907730478
10349,4.169307618710127
10350,3.3779394575897252
10351,3.3423870916520455
10352,4.147693347205295
10353,3.504315188046208
10354,4.25033795004428
10355,3.798027796015674
10356,3.238478752745417
10357,4.030403471721318
10358,4.37009778520604
10359,3.418018060769262
10360,4.004050221513723
10361,3.7487123035890226
10362,3.5112154426263773
10363,3.915718455386658
10364,3.6932664969862987
10365,3.7962892998806033
10366,2.717071858998221
10367,3.7211296216696352
10368,3.5717653191435663
10369,3.9061458070205677
10370,4.181379169765501
10371,3.5911932511030877
10372,4.310587818142476
10373,4.221278935231871
10374,3.6033734879586654
10375,4.064845388690775
10376,3.9830348648359184
10377,4.021507544368789
10378,3.2346099354314375
10379,4.171966445718746
10380,4.025604785871434
10381,4.263504392096964
10382,3.978640993158561
10383,4.16998653443374
10384,4.06964456104937
10385,4.132952392434328
10386,3.619583774153385
10387,4.21165648149096
10388,3.907497146933286
10389,3.8041835900451715
10390,2.851216223189677
10391,2.6635348692982137
10392,3.435299502073186
10393,4.084849243467178
10394,4.128675320538073
10395,3.8331086001614185
10396,4.141418718837808
10397,4.12543041617088
10398,2.9598717571253155
10399,3.430154083533966
10400,3.7563662473902832
10401,4.56084689062112
10402,4.389763377080481
10403,4.477426465860636
10404,4.190306581865698
10405,4.100854490125313
10406,4.172381380067983
10407,3.443630659264987
10408,3.6302515027473556
10409,4.135164699933677
10410,4.051573010355977
10411,4.128757969939551
10412,3.984265685676564
10413,2.9510678272784547
10414,4.128906020537459
10415,3.835930029491094
10416,3.779573956420646
10417,2.869502078747637
10418,4.240514657689616
10419,3.4937783567252967
10420,3.7120889830660286
10421,3.7425863324196396
10422,3.64878192958794
10423,3.9400971397492595
10424,3.9798986029594925
10425,3.8956919712431954
10426,3.663724523122412
10427,4.3280425102900875
10428,2.7084364642379324
10429,4.2098561671517025
10430,3.9171820411931533
10431,3.920102119407836
10432,4.279256283700914
10433,4.107685200532297
10434,4.112219329236787
10435,4.05331782136187
10436,4.322058347734834
10437,3.9981938506209547
10438,4.087941970286339
10439,3.48070974411445
10440,3.958037472419382
10441,4.044425827873988
10442,3.9563394991685437
10443,3.9378921671365537
10444,3.7336513651750836
10445,3.9097052832749983
10446,3.995005284570752
10447,3.595479865836845
10448,4.160215900682593
10449,4.269478772812651
10450,4.404561698910308
10451,3.4562339957829393
10452,3.978980965671533
10453,3.6562639474043808
10454,4.2606461758073575
10455,3.8863416010699954
10456,3.9937829996525047
10457,4.275972257395771
10458,4.3586550674624425
10459,4.334030384524862
10460,4.242545085070356
10461,4.084211552062137
10462,3.3812259897246055
10463,4.013317179315168
10464,2.6932105368272743
10465,3.8839714655481203
10466,3.9749247139180457
10467,3.870548965905552
10468,4.142190340065434
10469,4.044404462458565
10470,4.095403098245342
10471,3.8518540501462377
10472,4.098357089596373
10473,4.217170474979776
10474,3.62783868148149
10475,3.952891675036927
10476,3.537707008036551
10477,4.146843298730989
10478,4.0745577142278515
10479,4.418552952224899
10480,3.8451473457401493
10481,4.056915774290672
10482,3.9581207008186086
10483,4.276123981195081
10484,4.190310533609386
10485,3.921051517943491
10486,4.042571276456214
10487,3.4314508492695963
10488,3.9867636956968084
10489,4.158919954456195
10490,3.874422944930375
10491,4.136349837513185
10492,4.03073825164977
10493,3.6859710770123812
10494,3.8173073697028457
10495,4.185529142898518
10496,4.027561081450641
10497,4.020050148719336
10498,4.060654527231828
10499,4.0542931057622615
10500,4.108060517594986
10501,3.974218517314855
10502,3.9493387178693857
10503,4.093166352857664
10504,4.358918264861113
10505,4.3898481279284285
10506,3.796685016428058
10507,4.188774288558414
10508,3.808741837369231
10509,3.670891578950374
10510,3.610332172796575
10511,3.8941654673991546
10512,4.150652511498272
10513,3.101757046093058
10514,3.9745069249161893
10515,4.161111285135827
10516,4.097387311234182
10517,4.1798385283267585
10518,3.833355798750242
10519,3.940041154551971
10520,4.083974254358053
10521,4.1674535933789825
10522,4.032633067204211
10523,3.8836936195553995
10524,4.112033453874317
10525,3.8000735783011494
10526,4.117822371284004
10527,3.8259911166034546
10528,3.7740855669196107
10529,3.275360329284058
10530,4.382596019016306
10531,4.092909607580795
10532,4.127982063757602
10533,3.4457094452559507
10534,4.201911433380727
10535,3.649933622649048
10536,3.8915742371249546
10537,3.4670488822256393
10538,4.034695253068981
10539,4.350440596054881
10540,3.591857592789447
10541,3.608495385201134
10542,3.9180652095803894
10543,4.162831984994257
10544,4.086781445403931
10545,3.7985641503027447
10546,4.30608063549834
10547,3.6995638443616015
10548,3.8873589064650824
10549,4.051066191030885
10550,4.120440920810897
10551,3.7004324520403666
10552,3.7597613279250974
10553,3.962867176043184
10554,4.245707679367124
10555,4.121524408757612
10556,3.0459059804918924
10557,3.7985477893001978
10558,3.561520945039284
10559,4.117580842701011
10560,3.638696811740257
10561,3.466924869041816
10562,2.801096626908933
10563,2.8362759570899923
10564,3.949125130564032
10565,3.4173619585023265
10566,2.849177599197327
10567,4.310632010151022
10568,3.896796694806099
10569,3.746641896144156
10570,3.749610717834775
10571,3.3341430559486045
10572,4.074880898961075
10573,4.05576354072183
10574,3.9468124308877988
10575,3.999388894387501
10576,3.732484053726702
10577,4.263999187510881
10578,3.402148720418491
10579,3.4024009345112645
10580,3.4521626452578653
10581,3.004784985084129
10582,3.6821902674125733
10583,4.0725395127971185
10584,3.8038446807915407
10585,3.9516462458897452
10586,3.8262357372456517
10587,4.232951740503425
10588,4.114770649318416
10589,4.019260523789011
10590,4.060341158424615
10591,4.353458962200196
10592,3.9416849181505955
10593,3.7134297890586057
10594,4.2664184671889
10595,4.173651261046711
10596,4.149739717144334
10597,3.981888502062139
10598,3.7321242626739073
10599,3.7393196041589483
10600,3.809403143548964
10601,4.172854459614492
10602,4.234211066774992
10603,4.0587345041765355
10604,3.9800673671168996
10605,3.8170988758277447
10606,3.5660492291842845
10607,4.175496021539761
10608,4.139638036788456
10609,3.993410944809019
10610,3.9868157742501147
10611,3.940242631668349
10612,4.2528592695437535
10613,3.856859291813699
10614,4.130611324970641
10615,3.841657514523711
10616,2.736678423323329
10617,3.759315035265525
10618,3.832076311506575
10619,3.8347248147643933
10620,4.175650031274316
10621,3.707643801143278
10622,4.064619306098618
10623,3.745361922522667
10624,3.5103744525579916
10625,3.7504674483200815
10626,3.5309730355015394
10627,4.035806574926911
10628,4.177141514046939
10629,4.064765576576191
10630,4.011877564096433
10631,3.5796918773251605
10632,3.9888278442936356
10633,4.026460669879923
10634,4.348943051456315
10635,4.0111785808603395
10636,3.83442011065687
10637,4.255812526103926
10638,4.1502388773150525
10639,2.9972253372808972
10640,4.198818292793281
10641,4.011200282567841
10642,3.453458747116306
10643,3.6902197964720926
10644,4.2426645846466045
10645,4.024120029543895
10646,3.5082124074115937
10647,4.097918569453773
10648,4.132808850974944
10649,3.7496610810980413
10650,4.222895660072406
10651,4.1530664499369925
10652,3.0520190011567543
10653,3.88510214056076
10654,3.2708579655428593
10655,3.6010286811994776
10656,4.2363085588877984
10657,3.915862034671862
10658,4.16100164252751
10659,3.601924462931216
10660,4.085180565873063
10661,4.012441389231653
10662,3.798214485400798
10663,4.077166437190005
10664,4.2047171366997365
10665,2.7313079368182995
10666,3.6061338758558388
10667,3.7814231491846857
10668,3.9706050206076604
10669,2.4953510948852866
10670,4.059153025112106
10671,3.5549921435816305
10672,3.8849305653412967
10673,3.895086019482368
10674,4.04313218829254
10675,3.842173313565193
10676,3.325698475987293
10677,4.167619127215809
10678,4.139531318095544
10679,3.6860664051056604
10680,3.6541863201293063
10681,4.146599543058222
10682,3.7568814125236947
10683,4.189947750538859
10684,3.768210871545664
10685,3.6347184389023415
10686,3.5933219205419715
10687,4.226865232589896
10688,2.7990263716605
10689,3.76127850262981
10690,3.5221252196349595
10691,4.277112129624882
10692,4.2764264938978185
10693,3.68501205410939
10694,3.4598667095525713
10695,4.001491127099893
10696,3.8174112717890383
10697,3.862320382949334
10698,3.8604379273751115
10699,4.131223598646009
10700,3.982913911139089
10701,4.177336721969402
10702,3.967506604318868
10703,4.093050317404956
10704,4.097652531044222
10705,3.9781353270555715
10706,4.080505652637247
10707,3.8747087717390696
10708,4.040283373673171
10709,4.338553597038759
10710,3.7240051794584073
10711,3.7578529807755063
10712,2.5304394444491196
10713,3.8038735348913852
10714,3.840958947092409
10715,3.7563515122283864
10716,4.460509005106243
10717,3.7594812744695307
10718,3.980031976313869
10719,4.103244600969664
10720,3.9355284431285957
10721,4.112902401020089
10722,4.098688693760495
10723,3.8024496345634473
10724,3.0284574997642455
10725,3.8159799916214494
10726,4.370049636985221
10727,3.9903087503000423
10728,3.760850730344971
10729,3.953922108874195
10730,4.125582930007739
10731,3.84938199787278
10732,4.217590031685202
10733,3.197483239371565
10734,3.826266126437488
10735,4.033432566036471
10736,3.2188695974692054
10737,3.754090662995287
10738,4.238664428477772
10739,4.1841349023367975
10740,3.8657965131861176
10741,2.879372156844762
10742,3.5044670195063183
10743,3.841486357900767
10744,4.105252063195802
10745,2.431209079215369
10746,4.188451709288009
10747,4.192184918528932
10748,4.11595829590337
10749,3.580190849707685
10750,4.0353375285152735
10751,3.911670448255218
10752,4.2201899960144535
10753,4.290873022052297
10754,3.4346568112510902
10755,3.9989193944231505
10756,3.853971717657832
10757,4.098906588793007
10758,3.9047192491446983
10759,4.113335696935189
10760,3.7829475520196048
10761,3.9937989924915898
10762,3.600847558893683
10763,3.7991074257001687
10764,4.208651963512942
10765,4.078521344174334
10766,3.6699783667950387
10767,4.422194929784768
10768,4.2415227896083145
10769,4.05269514163648
10770,2.625659571795717
10771,3.987453607386141
10772,3.7191658749716137
10773,4.1121770093139665
10774,3.640895580154885
10775,3.407384950449416
10776,3.8984848737898323
10777,4.460049588900106
10778,4.229428591513102
10779,3.732498200482793
10780,3.9840756514281552
10781,3.2808355386215715
10782,3.790687855240583
10783,4.199768207045544
10784,3.5643606412323385
10785,3.581172599000635
10786,4.069985421911081
10787,4.450410345847281
10788,4.153782565512732
10789,3.7015482386126632
10790,3.978154780883642
10791,3.5654118690134973
10792,4.3191887146804655
10793,3.5222633017050353
10794,3.9874651234346015
10795,4.05309729968837
10796,3.2094827751971406
10797,3.1402634656462816
10798,3.915220609531661
10799,3.735808102638345
10800,4.167729503052192
10801,3.7769816708338726
10802,3.602266908212852
10803,4.231331633024055
10804,3.8526823436575124
10805,4.10359613940836
10806,4.2177616434336676
10807,3.596514386258731
10808,3.772132709957502
10809,4.059377013147161
10810,4.20572577051872
10811,4.132154205635807
10812,4.2157800752948305
10813,3.91695070533596
10814,4.028034039900064
10815,3.929951908462971
10816,4.270017228566295
10817,3.928880101056308
10818,2.9977139036992724
10819,3.742569718739768
10820,4.0692232619994355
10821,3.7790756672252517
10822,4.233003353285044
10823,4.310883362350284
10824,4.609273322432667
10825,3.3938471277080917
10826,3.8023548083118506
10827,3.7922512795766368
10828,3.854388211562156
10829,4.1821499362629195
10830,3.829641090007916
10831,4.036050831790311
10832,3.868341916667015
10833,4.072113614208685
10834,2.763689333140115
10835,3.4878964358594566
10836,3.686018184495998
10837,3.969043781575486
10838,3.3441788601872604
10839,3.7717367609960197
10840,4.044072008815469
10841,4.141814283221605
10842,3.944068292659219
10843,3.7671031953453826
10844,4.17297871844817
10845,4.019610400043628
10846,2.616337857518195
10847,3.895408453032065
10848,3.556932639473283
10849,3.768371259495386
10850,4.042114886971265
10851,3.9861821818406034
10852,4.002013316537127
10853,4.159093647383515
10854,2.911710324508276
10855,3.8399435592889835
10856,4.199984846672893
10857,4.122401823465372
10858,4.074356386408497
10859,3.9694508657493572
10860,4.077488893469797
10861,4.178782371337559
10862,3.9248434077630705
10863,4.020932408198663
10864,3.805356227604328
10865,3.4210781696382884
10866,4.113165442126702
10867,4.088014196526142
10868,3.5450521473805043
10869,3.7234670913654533
10870,3.996078188501615
10871,3.2420625872127844
10872,3.462262009010626
10873,4.3007302459524785
10874,3.7793744952268638
10875,4.225573252855526
10876,3.723937801608606
10877,3.885050223406895
10878,4.365769194652943
10879,3.851788647215881
10880,4.075817782337949
10881,3.74257414289174
10882,4.096391445605669
10883,4.389895098603462
10884,4.388558291998846
10885,4.118411701847011
10886,4.067057536053966
10887,3.7457274587330276
10888,3.6597887803140314
10889,4.117919110360031
10890,3.3148113562584016
10891,4.242409088155328
10892,3.983978530523168
10893,4.092789921542129
10894,3.790157424263184
10895,4.315366882485874
10896,4.154836236328142
10897,3.8910486217823914
10898,3.567025745796388
10899,3.63940375966351
10900,3.97649412959983
10901,3.9367526342929327
10902,4.206262334013478
10903,3.5312432447833113
10904,3.7463625800887144
10905,3.609592468706114
10906,3.5095508632963957
10907,3.880977456521801
10908,3.9216166164343362
10909,3.8211653533816645
10910,4.496550152092853
10911,4.063061421073588
10912,3.6989417405260134
10913,3.9669694609670296
10914,4.143137310344654
10915,3.9563296395439753
10916,3.6797226775994765
10917,4.238911831517636
10918,3.794437056452717
10919,3.830452728051972
10920,4.0016605818897375
10921,3.364001243188732
10922,4.154693440549196
10923,4.118276725714647
10924,3.925529987826191
10925,4.08770231702053
10926,2.7669581731545296
10927,3.797248978000496
10928,3.9982379087739583
10929,4.04158078475081
10930,3.9054245518863295
10931,3.867040919339166
10932,3.957924858519878
10933,3.6747208224453245
10934,4.077277023032995
10935,3.0946498678695162
10936,3.8270540417396295
10937,3.537104961827346
10938,3.255136318370826
10939,4.4932072202694116
10940,3.9552014218323808
10941,3.9213153793260314
10942,3.7561709464740267
10943,3.707356389179484
10944,3.0008369952148213
10945,2.920968401419235
10946,3.8865781461041986
10947,4.359877667255067
10948,4.021682726990871
10949,4.184439821807558
10950,4.214762998689933
10951,3.983573349020357
10952,4.082574619247772
10953,3.831089007832803
10954,3.8050013507171845
10955,3.46186393199246
10956,3.5933076029484603
10957,4.117012590257284
10958,4.2023617996374085
10959,4.004837548862459
10960,4.083526241297535
10961,4.141384234970618
10962,3.9648551322129904
10963,3.6428583651552717
10964,4.014290586015654
10965,3.593095739401252
10966,4.006128361850988
10967,3.910060464133671
10968,4.590560991848797
